A,B,C,D,DEPT,PRG,G,A_PERC
64,61,72,72,CS,graduate,F,0.2379182156133829
75,95,62,61,BIA,undergraduate,M,0.25597269624573377
90,69,63,74,IS,undergraduate,F,0.30405405405405406
69,61,73,68,BIA,graduate,F,0.25461254612546125
85,76,86,73,BIA,graduate,M,0.265625
